{
	"credit": "Made with Blockbench",
	"parent": "arcmosinstone",
	"texture_size": [32, 32],
	"textures": {
		"0": "arcmosinstone:Downloads/Arcmos",
		"particle": "arcmosinstone:Downloads/Arcmos"
	},
	"elements": [
		{
			"from": [13.24648, 1.36734, 7.75],
			"to": [14.24648, 3.86734, 8.25],
			"rotation": {"angle": -22.5, "axis": "z", "origin": [8, 15.48783, 8]},
			"faces": {
				"north": {"uv": [8, 7, 8.5, 8.5], "rotation": 180, "texture": "#0"},
				"east": {"uv": [8.5, 3, 9, 4.5], "rotation": 180, "texture": "#0"},
				"south": {"uv": [8.5, 1.5, 9, 3], "rotation": 180, "texture": "#0"},
				"west": {"uv": [8.5, 0, 9, 1.5], "rotation": 180, "texture": "#0"},
				"up": {"uv": [10.5, 1, 10, 1.5], "rotation": 180, "texture": "#0"},
				"down": {"uv": [1.5, 10.5, 1, 10], "rotation": 180, "texture": "#0"}
			}
		},
		{
			"from": [13.74648, 0.86734, 7.75],
			"to": [14.24648, 1.36734, 8.25],
			"rotation": {"angle": -22.5, "axis": "z", "origin": [8, 15.48783, 8]},
			"faces": {
				"north": {"uv": [3, 10, 3.5, 10.5], "rotation": 180, "texture": "#0"},
				"east": {"uv": [10, 3.5, 10.5, 4], "rotation": 180, "texture": "#0"},
				"south": {"uv": [3.5, 10, 4, 10.5], "rotation": 180, "texture": "#0"},
				"west": {"uv": [10, 3, 10.5, 3.5], "rotation": 180, "texture": "#0"},
				"up": {"uv": [10.5, 4, 10, 4.5], "rotation": 180, "texture": "#0"},
				"down": {"uv": [4.5, 10.5, 4, 10], "rotation": 180, "texture": "#0"}
			}
		},
		{
			"from": [13.99648, 0.61734, 7.75],
			"to": [14.24648, 0.86734, 8.25],
			"rotation": {"angle": -22.5, "axis": "z", "origin": [8, 15.48783, 8]},
			"faces": {
				"north": {"uv": [6, 10, 6.5, 10.5], "rotation": 180, "texture": "#0"},
				"east": {"uv": [10, 6.5, 10.5, 7], "rotation": 180, "texture": "#0"},
				"south": {"uv": [6.5, 10, 7, 10.5], "rotation": 180, "texture": "#0"},
				"west": {"uv": [10, 6, 10.5, 6.5], "rotation": 180, "texture": "#0"},
				"up": {"uv": [10.5, 7, 10, 7.5], "rotation": 180, "texture": "#0"},
				"down": {"uv": [7.5, 10.5, 7, 10], "rotation": 180, "texture": "#0"}
			}
		},
		{
			"from": [1.75352, 0.61734, 7.75],
			"to": [2.00352, 0.86734, 8.25],
			"rotation": {"angle": 22.5, "axis": "z", "origin": [8, 15.48783, 8]},
			"faces": {
				"north": {"uv": [4.5, 10, 5, 10.5], "rotation": 180, "texture": "#0"},
				"east": {"uv": [10, 5, 10.5, 5.5], "rotation": 180, "texture": "#0"},
				"south": {"uv": [5, 10, 5.5, 10.5], "rotation": 180, "texture": "#0"},
				"west": {"uv": [10, 4.5, 10.5, 5], "rotation": 180, "texture": "#0"},
				"up": {"uv": [10.5, 5.5, 10, 6], "rotation": 180, "texture": "#0"},
				"down": {"uv": [6, 10.5, 5.5, 10], "rotation": 180, "texture": "#0"}
			}
		},
		{
			"from": [1.75352, 0.86734, 7.75],
			"to": [2.25352, 1.36734, 8.25],
			"rotation": {"angle": 22.5, "axis": "z", "origin": [8, 15.48783, 8]},
			"faces": {
				"north": {"uv": [1.5, 10, 2, 10.5], "rotation": 180, "texture": "#0"},
				"east": {"uv": [10, 2, 10.5, 2.5], "rotation": 180, "texture": "#0"},
				"south": {"uv": [2, 10, 2.5, 10.5], "rotation": 180, "texture": "#0"},
				"west": {"uv": [10, 1.5, 10.5, 2], "rotation": 180, "texture": "#0"},
				"up": {"uv": [10.5, 2.5, 10, 3], "rotation": 180, "texture": "#0"},
				"down": {"uv": [3, 10.5, 2.5, 10], "rotation": 180, "texture": "#0"}
			}
		},
		{
			"from": [1.75352, 1.36734, 7.75],
			"to": [2.75352, 3.86734, 8.25],
			"rotation": {"angle": 22.5, "axis": "z", "origin": [8, 15.48783, 8]},
			"faces": {
				"north": {"uv": [6.5, 7.5, 7, 9], "rotation": 180, "texture": "#0"},
				"east": {"uv": [8, 0, 8.5, 1.5], "rotation": 180, "texture": "#0"},
				"south": {"uv": [7.5, 7, 8, 8.5], "rotation": 180, "texture": "#0"},
				"west": {"uv": [7, 7.5, 7.5, 9], "rotation": 180, "texture": "#0"},
				"up": {"uv": [10.5, 0.5, 10, 1], "rotation": 180, "texture": "#0"},
				"down": {"uv": [1, 10.5, 0.5, 10], "rotation": 180, "texture": "#0"}
			}
		},
		{
			"from": [6.75, 2.22566, 7.75],
			"to": [7.75, 20.22566, 8.25],
			"rotation": {"angle": 0, "axis": "z", "origin": [8, 15.48783, 8]},
			"faces": {
				"north": {"uv": [2, 0, 2.5, 9], "rotation": 180, "texture": "#0"},
				"east": {"uv": [3.5, 0, 4, 9], "rotation": 180, "texture": "#0"},
				"south": {"uv": [3, 0, 3.5, 9], "rotation": 180, "texture": "#0"},
				"west": {"uv": [2.5, 0, 3, 9], "rotation": 180, "texture": "#0"},
				"up": {"uv": [9.5, 9.5, 9, 10], "rotation": 180, "texture": "#0"},
				"down": {"uv": [10, 9, 9.5, 8.5], "rotation": 180, "texture": "#0"}
			}
		},
		{
			"from": [8.25, 2.22566, 7.75],
			"to": [9.25, 20.22566, 8.25],
			"rotation": {"angle": 0, "axis": "z", "origin": [8, 15.48783, 8]},
			"faces": {
				"north": {"uv": [0, 0, 0.5, 9], "rotation": 180, "texture": "#0"},
				"east": {"uv": [1.5, 0, 2, 9], "rotation": 180, "texture": "#0"},
				"south": {"uv": [1, 0, 1.5, 9], "rotation": 180, "texture": "#0"},
				"west": {"uv": [0.5, 0, 1, 9], "rotation": 180, "texture": "#0"},
				"up": {"uv": [8, 9.5, 7.5, 10], "rotation": 180, "texture": "#0"},
				"down": {"uv": [10, 7.5, 9.5, 7], "rotation": 180, "texture": "#0"}
			}
		},
		{
			"from": [2.55886, 18.92897, 7],
			"to": [4.55886, 20.92897, 9],
			"rotation": {"angle": -45, "axis": "z", "origin": [8, 15.48783, 8]},
			"faces": {
				"north": {"uv": [7, 1, 8, 2], "rotation": 270, "texture": "#0"},
				"east": {"uv": [8.5, 6, 7.5, 5], "rotation": 90, "texture": "#0"},
				"south": {"uv": [7.5, 3, 8.5, 4], "rotation": 90, "texture": "#0"},
				"west": {"uv": [8.5, 6, 7.5, 7], "rotation": 90, "texture": "#0"},
				"up": {"uv": [7.5, 4, 8.5, 5], "rotation": 90, "texture": "#0"},
				"down": {"uv": [7.5, 2, 8.5, 3], "rotation": 90, "texture": "#0"}
			}
		},
		{
			"from": [9.24815, 24.82956, 7.75],
			"to": [9.49815, 25.82956, 8.25],
			"rotation": {"angle": 22.5, "axis": "z", "origin": [8, 15.48783, 8]},
			"faces": {
				"north": {"uv": [9.5, 3, 10, 3.5], "rotation": 180, "texture": "#0"},
				"east": {"uv": [9.5, 4.5, 10, 5], "rotation": 180, "texture": "#0"},
				"south": {"uv": [9.5, 4, 10, 4.5], "rotation": 180, "texture": "#0"},
				"west": {"uv": [9.5, 3.5, 10, 4], "rotation": 180, "texture": "#0"},
				"up": {"uv": [10, 5, 9.5, 5.5], "rotation": 180, "texture": "#0"},
				"down": {"uv": [5.5, 10, 5, 9.5], "rotation": 180, "texture": "#0"}
			}
		},
		{
			"from": [6.50185, 24.82956, 7.75],
			"to": [6.75185, 25.82956, 8.25],
			"rotation": {"angle": -22.5, "axis": "z", "origin": [8, 15.48783, 8]},
			"faces": {
				"north": {"uv": [0.5, 9.5, 1, 10], "rotation": 180, "texture": "#0"},
				"east": {"uv": [9.5, 1.5, 10, 2], "rotation": 180, "texture": "#0"},
				"south": {"uv": [9.5, 1, 10, 1.5], "rotation": 180, "texture": "#0"},
				"west": {"uv": [9.5, 0.5, 10, 1], "rotation": 180, "texture": "#0"},
				"up": {"uv": [10, 2.5, 9.5, 3], "rotation": 180, "texture": "#0"},
				"down": {"uv": [10, 2.5, 9.5, 2], "rotation": 180, "texture": "#0"}
			}
		},
		{
			"from": [-0.2703, 19.88978, 7.5],
			"to": [0.7297, 20.38978, 8.5],
			"rotation": {"angle": -45, "axis": "z", "origin": [8, 15.48783, 8]},
			"faces": {
				"north": {"uv": [5.5, 9.5, 6, 10], "rotation": 270, "texture": "#0"},
				"east": {"uv": [10, 7, 9.5, 6.5], "rotation": 90, "texture": "#0"},
				"south": {"uv": [6, 9.5, 6.5, 10], "rotation": 90, "texture": "#0"},
				"west": {"uv": [7.5, 9.5, 7, 10], "rotation": 90, "texture": "#0"},
				"up": {"uv": [9.5, 6, 10, 6.5], "rotation": 90, "texture": "#0"},
				"down": {"uv": [9.5, 5.5, 10, 6], "rotation": 90, "texture": "#0"}
			}
		},
		{
			"from": [3.09805, 22.75813, 7.5],
			"to": [3.59805, 23.75813, 8.5],
			"rotation": {"angle": -45, "axis": "z", "origin": [8, 15.48783, 8]},
			"faces": {
				"north": {"uv": [7, 9, 7.5, 9.5], "rotation": 180, "texture": "#0"},
				"east": {"uv": [8.5, 9, 9, 9.5], "rotation": 180, "texture": "#0"},
				"south": {"uv": [8, 9, 8.5, 9.5], "rotation": 180, "texture": "#0"},
				"west": {"uv": [7.5, 9, 8, 9.5], "rotation": 180, "texture": "#0"},
				"up": {"uv": [0.5, 9.5, 0, 10], "rotation": 180, "texture": "#0"},
				"down": {"uv": [9.5, 9.5, 9, 9], "rotation": 180, "texture": "#0"}
			}
		},
		{
			"from": [3.18744, 17.02455, 7.25],
			"to": [4.18744, 23.02455, 8.75],
			"rotation": {"angle": -45, "axis": "z", "origin": [8, 15.48783, 8]},
			"faces": {
				"north": {"uv": [4, 6, 4.5, 9], "rotation": 180, "texture": "#0"},
				"east": {"uv": [5, 3, 6, 6], "rotation": 180, "texture": "#0"},
				"south": {"uv": [4.5, 6, 5, 9], "rotation": 180, "texture": "#0"},
				"west": {"uv": [5, 0, 6, 3], "rotation": 180, "texture": "#0"},
				"up": {"uv": [9, 5.5, 8.5, 6.5], "rotation": 180, "texture": "#0"},
				"down": {"uv": [6, 9.5, 5.5, 8.5], "rotation": 180, "texture": "#0"}
			}
		},
		{
			"from": [6.12163, 17.5137, 7.75],
			"to": [6.62163, 19.0137, 8.25],
			"rotation": {"angle": 22.5, "axis": "z", "origin": [8, 15.48783, 8]},
			"faces": {
				"north": {"uv": [4.5, 9, 5, 10], "rotation": 180, "texture": "#0"},
				"east": {"uv": [6.5, 9, 7, 10], "rotation": 180, "texture": "#0"},
				"south": {"uv": [9, 5.5, 9.5, 6.5], "rotation": 180, "texture": "#0"},
				"west": {"uv": [9, 4.5, 9.5, 5.5], "rotation": 180, "texture": "#0"},
				"up": {"uv": [10.5, 8, 10, 8.5], "rotation": 180, "texture": "#0"},
				"down": {"uv": [8.5, 10.5, 8, 10], "rotation": 180, "texture": "#0"}
			}
		},
		{
			"from": [9.37837, 17.5137, 7.75],
			"to": [9.87837, 19.0137, 8.25],
			"rotation": {"angle": -22.5, "axis": "z", "origin": [8, 15.48783, 8]},
			"faces": {
				"north": {"uv": [3, 9, 3.5, 10], "rotation": 180, "texture": "#0"},
				"east": {"uv": [4, 9, 4.5, 10], "rotation": 180, "texture": "#0"},
				"south": {"uv": [9, 3.5, 9.5, 4.5], "rotation": 180, "texture": "#0"},
				"west": {"uv": [3.5, 9, 4, 10], "rotation": 180, "texture": "#0"},
				"up": {"uv": [10.5, 7.5, 10, 8], "rotation": 180, "texture": "#0"},
				"down": {"uv": [8, 10.5, 7.5, 10], "rotation": 180, "texture": "#0"}
			}
		},
		{
			"from": [11.74815, 18.07956, 7.75],
			"to": [12.24815, 19.57956, 8.25],
			"rotation": {"angle": 22.5, "axis": "z", "origin": [8, 15.48783, 8]},
			"faces": {
				"north": {"uv": [9, 1.5, 9.5, 2.5], "rotation": 180, "texture": "#0"},
				"east": {"uv": [9, 2.5, 9.5, 3.5], "rotation": 180, "texture": "#0"},
				"south": {"uv": [2.5, 9, 3, 10], "rotation": 180, "texture": "#0"},
				"west": {"uv": [2, 9, 2.5, 10], "rotation": 180, "texture": "#0"},
				"up": {"uv": [10.5, 0, 10, 0.5], "rotation": 180, "texture": "#0"},
				"down": {"uv": [0.5, 10.5, 0, 10], "rotation": 180, "texture": "#0"}
			}
		},
		{
			"from": [3.75185, 18.07956, 7.75],
			"to": [4.25185, 19.57956, 8.25],
			"rotation": {"angle": -22.5, "axis": "z", "origin": [8, 15.48783, 8]},
			"faces": {
				"north": {"uv": [6, 8.5, 6.5, 9.5], "rotation": 180, "texture": "#0"},
				"east": {"uv": [1.5, 9, 2, 10], "rotation": 180, "texture": "#0"},
				"south": {"uv": [1, 9, 1.5, 10], "rotation": 180, "texture": "#0"},
				"west": {"uv": [9, 0.5, 9.5, 1.5], "rotation": 180, "texture": "#0"},
				"up": {"uv": [10, 9.5, 9.5, 10], "rotation": 180, "texture": "#0"},
				"down": {"uv": [10, 9.5, 9.5, 9], "rotation": 180, "texture": "#0"}
			}
		},
		{
			"from": [4.25185, 19.32956, 7.5],
			"to": [6.25185, 19.82956, 8.5],
			"rotation": {"angle": -22.5, "axis": "z", "origin": [8, 15.48783, 8]},
			"faces": {
				"north": {"uv": [8.5, 8, 9.5, 8.5], "rotation": 180, "texture": "#0"},
				"east": {"uv": [8.5, 9.5, 9, 10], "rotation": 180, "texture": "#0"},
				"south": {"uv": [8.5, 8.5, 9.5, 9], "rotation": 180, "texture": "#0"},
				"west": {"uv": [9.5, 8, 10, 8.5], "rotation": 180, "texture": "#0"},
				"up": {"uv": [10, 0, 9, 0.5], "rotation": 180, "texture": "#0"},
				"down": {"uv": [1, 9.5, 0, 9], "rotation": 180, "texture": "#0"}
			}
		},
		{
			"from": [9.74815, 19.32956, 7.5],
			"to": [11.74815, 19.82956, 8.5],
			"rotation": {"angle": 22.5, "axis": "z", "origin": [8, 15.48783, 8]},
			"faces": {
				"north": {"uv": [8.5, 6.5, 9.5, 7], "rotation": 180, "texture": "#0"},
				"east": {"uv": [8, 9.5, 8.5, 10], "rotation": 180, "texture": "#0"},
				"south": {"uv": [8.5, 7, 9.5, 7.5], "rotation": 180, "texture": "#0"},
				"west": {"uv": [9.5, 7.5, 10, 8], "rotation": 180, "texture": "#0"},
				"up": {"uv": [9.5, 7.5, 8.5, 8], "rotation": 180, "texture": "#0"},
				"down": {"uv": [8.5, 9, 7.5, 8.5], "rotation": 180, "texture": "#0"}
			}
		},
		{
			"from": [0.46327, 19.30039, 7.25],
			"to": [6.46327, 20.30039, 8.75],
			"rotation": {"angle": -45, "axis": "z", "origin": [8, 15.48783, 8]},
			"faces": {
				"north": {"uv": [6, 0, 6.5, 3], "rotation": 270, "texture": "#0"},
				"east": {"uv": [9, 5.5, 8.5, 4.5], "rotation": 90, "texture": "#0"},
				"south": {"uv": [6, 3, 6.5, 6], "rotation": 90, "texture": "#0"},
				"west": {"uv": [5.5, 8.5, 5, 9.5], "rotation": 90, "texture": "#0"},
				"up": {"uv": [4, 3, 5, 6], "rotation": 90, "texture": "#0"},
				"down": {"uv": [4, 0, 5, 3], "rotation": 90, "texture": "#0"}
			}
		},
		{
			"from": [7.5, 22.97566, 7.5],
			"to": [8.5, 27.47566, 8.5],
			"rotation": {"angle": 0, "axis": "z", "origin": [8, 15.48783, 8]},
			"faces": {
				"north": {"uv": [5, 6, 5.5, 8.5], "rotation": 180, "texture": "#0"},
				"east": {"uv": [6.5, 0, 7, 2.5], "rotation": 180, "texture": "#0"},
				"south": {"uv": [6, 6, 6.5, 8.5], "rotation": 180, "texture": "#0"},
				"west": {"uv": [5.5, 6, 6, 8.5], "rotation": 180, "texture": "#0"},
				"up": {"uv": [8.5, 1.5, 8, 2], "rotation": 180, "texture": "#0"},
				"down": {"uv": [7.5, 2.5, 7, 2], "rotation": 180, "texture": "#0"}
			}
		},
		{
			"from": [-0.99444, 22.98227, 7],
			"to": [0.50556, 24.48227, 9],
			"rotation": {"angle": -45, "axis": "z", "origin": [8, 15.48783, 8]},
			"faces": {
				"north": {"uv": [6.5, 2.5, 7.5, 3.5], "rotation": 180, "texture": "#0"},
				"east": {"uv": [6.5, 5.5, 7.5, 6.5], "rotation": 180, "texture": "#0"},
				"south": {"uv": [6.5, 4.5, 7.5, 5.5], "rotation": 180, "texture": "#0"},
				"west": {"uv": [6.5, 3.5, 7.5, 4.5], "rotation": 180, "texture": "#0"},
				"up": {"uv": [8, 0, 7, 1], "rotation": 180, "texture": "#0"},
				"down": {"uv": [7.5, 7.5, 6.5, 6.5], "rotation": 180, "texture": "#0"}
			}
		},
		{
			"from": [2, 0, 2],
			"to": [14, 7, 14],
			"faces": {
				"north": {"uv": [8.5, 10, 14.5, 13.5], "texture": "#0"},
				"east": {"uv": [0, 0, 6, 3.5], "texture": "#0"},
				"south": {"uv": [0, 0, 6, 3.5], "texture": "#0"},
				"west": {"uv": [8.5, 10, 14.5, 13.5], "texture": "#0"},
				"up": {"uv": [0, 0, 6, 6], "texture": "#0"},
				"down": {"uv": [0, 0, 6, 6], "texture": "#0"}
			}
		},
		{
			"from": [4, 0, 4],
			"to": [12, 10, 12],
			"faces": {
				"north": {"uv": [11.5, 11.5, 14, 14], "texture": "#0"},
				"east": {"uv": [0, 0, 4, 5], "texture": "#0"},
				"south": {"uv": [0, 0, 4, 5], "texture": "#0"},
				"west": {"uv": [0, 0, 4, 5], "texture": "#0"},
				"up": {"uv": [10, 10, 14, 14], "texture": "#0"},
				"down": {"uv": [0, 0, 4, 4], "texture": "#0"}
			}
		}
	],
	"display": {
		"thirdperson_righthand": {
			"rotation": [0, 90, 0],
			"translation": [0, 1.25, 1.25],
			"scale": [1.45, 1.85, 0.98]
		}
	},
	"groups": [
		{
			"name": "tip",
			"origin": [8.75, 24, 8],
			"color": 0,
			"children": [0, 1, 2, 3, 4, 5,
				{
					"name": "group",
					"origin": [8.75, 24, 8],
					"color": 0,
					"children": []
				}, 6, 7, 8, 9, 10, 11, 12, 13, 14, 15, 16, 17, 18, 19, 20, 21, 22]
		}, 23, 24]
}