{
  "_fv": 24,
  "_type": "armor",
  "definition": {
    "enableHelmet": true,
    "textureHelmet": "fruitleaf",
    "enableBody": true,
    "textureBody": "succ_body",
    "enableLeggings": true,
    "textureLeggings": "fruitleaf",
    "enableBoots": true,
    "textureBoots": "fruitleaf",
    "onBodyTick": {
      "name": "ArcmoschestplateinuseBodyTickEvent"
    },
    "creativeTab": {
      "value": "COMBAT"
    },
    "armorTextureFile": "succ",
    "helmetName": "Arcmos Chestplate Helmet",
    "bodyName": "Arcmos Chestplate Body",
    "leggingsName": "Arcmos Chestplate Leggings",
    "bootsName": "Arcmos Chestplate Boots",
    "helmetSpecialInfo": [],
    "bodySpecialInfo": [
      "it's power is based on the user"
    ],
    "leggingsSpecialInfo": [],
    "bootsSpecialInfo": [],
    "helmetModelName": "Default",
    "helmetModelPart": "Helmet",
    "helmetModelTexture": "From armor",
    "bodyModelName": "Modelarcchest",
    "bodyModelPart": "Body",
    "armsModelPartL": "LeftArm",
    "armsModelPartR": "RightArm",
    "bodyModelTexture": "arcchest.png",
    "leggingsModelName": "Default",
    "leggingsModelPartL": "Leggings L",
    "leggingsModelPartR": "Leggings R",
    "leggingsModelTexture": "From armor",
    "bootsModelName": "Default",
    "bootsModelPartL": "Boots L",
    "bootsModelPartR": "Boots R",
    "bootsModelTexture": "From armor",
    "helmetImmuneToFire": false,
    "bodyImmuneToFire": false,
    "leggingsImmuneToFire": false,
    "bootsImmuneToFire": false,
    "maxDamage": 25,
    "damageValueHelmet": 2,
    "damageValueBody": 6,
    "damageValueLeggings": 5,
    "damageValueBoots": 2,
    "enchantability": 9,
    "toughness": 0.0,
    "knockbackResistance": 0.0,
    "equipSound": {
      "value": ""
    },
    "repairItems": []
  }
}