{
  "_fv": 24,
  "_type": "tool",
  "definition": {
    "renderType": 1,
    "texture": "demon_sword",
    "customModelName": "arcmos:default",
    "name": "Arcmos",
    "specialInfo": [
      "Legendary weapon that is more powerful based on the user"
    ],
    "creativeTab": {
      "value": "COMBAT"
    },
    "toolType": "Sword",
    "harvestLevel": 1,
    "efficiency": 4.0,
    "attackSpeed": 2.0,
    "enchantability": 2,
    "damageVsEntity": 6.0,
    "usageCount": 100000,
    "blocksAffected": [],
    "hasGlow": false,
    "repairItems": [],
    "immuneToFire": false,
    "stayInGridWhenCrafting": false,
    "damageOnCrafting": false,
    "onItemInInventoryTick": {
      "name": "ArcmossToolInInventoryTick"
    },
    "onItemInUseTick": {
      "name": "ArcmosToolInHandTick"
    },
    "onStoppedUsing": {
      "name": "ArcmosOnPlayerStoppedUsing"
    }
  }
}