{
  "_fv": 24,
  "_type": "gui",
  "definition": {
    "type": 0,
    "width": 176,
    "height": 166,
    "inventoryOffsetX": 0,
    "inventoryOffsetY": 0,
    "renderBgLayer": true,
    "doesPauseGame": false,
    "components": [
      {
        "type": "button",
        "data": {
          "text": "Defense Multiplier",
          "onClick": {
            "name": "DefenseMultiplier"
          },
          "width": 115,
          "height": 20,
          "name": "Defense Multiplier",
          "x": 160,
          "y": 10
        }
      },
      {
        "type": "label",
        "data": {
          "text": "Xp cost:5",
          "color": {
            "value": -16711936,
            "falpha": 0.0
          },
          "name": "Xp cost:5",
          "x": 278,
          "y": 14
        }
      },
      {
        "type": "button",
        "data": {
          "text": "blessing o' health",
          "onClick": {
            "name": "DefenseAbility3"
          },
          "displayCondition": {
            "name": "Defensemultiplierability3"
          },
          "width": 115,
          "height": 20,
          "name": "blessing o' health",
          "x": 157,
          "y": 69
        }
      },
      {
        "type": "button",
        "data": {
          "text": "flash step",
          "onClick": {
            "name": "DefenseAbility2"
          },
          "displayCondition": {
            "name": "Defensemultiplierability2"
          },
          "width": 75,
          "height": 20,
          "name": "flash step",
          "x": 314,
          "y": 69
        }
      },
      {
        "type": "button",
        "data": {
          "text": "Limit break leap1",
          "onClick": {
            "name": "DefenseAbility1"
          },
          "displayCondition": {
            "name": "Defensemultiplier1showability"
          },
          "width": 105,
          "height": 20,
          "name": "Limit break leap1",
          "x": 19,
          "y": 69
        }
      },
      {
        "type": "label",
        "data": {
          "text": "Xp cost:7",
          "color": {
            "value": -16711936,
            "falpha": 0.0
          },
          "name": "Xp cost:7",
          "x": 49,
          "y": 50
        }
      },
      {
        "type": "label",
        "data": {
          "text": "Xp cost:10",
          "color": {
            "value": -16711936,
            "falpha": 0.0
          },
          "name": "Xp cost:10",
          "x": 189,
          "y": 53
        }
      },
      {
        "type": "label",
        "data": {
          "text": "Xp cost:8",
          "color": {
            "value": -16711885,
            "falpha": 0.0
          },
          "name": "Xp cost:8",
          "x": 330,
          "y": 50
        }
      },
      {
        "type": "button",
        "data": {
          "text": "equip",
          "onClick": {
            "name": "EquipD1"
          },
          "displayCondition": {
            "name": "EquipDef1"
          },
          "width": 50,
          "height": 20,
          "name": "equip",
          "x": 44,
          "y": 92
        }
      },
      {
        "type": "button",
        "data": {
          "text": "equip",
          "onClick": {
            "name": "EquipD3"
          },
          "displayCondition": {
            "name": "EquipDef3"
          },
          "width": 50,
          "height": 20,
          "name": "equip",
          "x": 188,
          "y": 93
        }
      },
      {
        "type": "button",
        "data": {
          "text": "equip",
          "onClick": {
            "name": "EquipD2"
          },
          "displayCondition": {
            "name": "EquipDef2"
          },
          "width": 50,
          "height": 20,
          "name": "equip",
          "x": 327,
          "y": 94
        }
      },
      {
        "type": "image",
        "data": {
          "image": "backk.png",
          "use1Xscale": true,
          "name": "backk.png",
          "x": -33,
          "y": -29
        }
      }
    ],
    "gridSettings": {
      "sx": 18,
      "sy": 18,
      "ox": 11,
      "oy": 15,
      "snapOnGrid": false
    }
  }
}