{
  "_fv": 24,
  "_type": "gui",
  "definition": {
    "type": 0,
    "width": 176,
    "height": 166,
    "inventoryOffsetX": 0,
    "inventoryOffsetY": 0,
    "renderBgLayer": true,
    "doesPauseGame": false,
    "components": [
      {
        "type": "button",
        "data": {
          "text": "Aura Ferocity",
          "width": 90,
          "height": 20,
          "name": "Aura Ferocity",
          "x": 169,
          "y": 12
        }
      },
      {
        "type": "label",
        "data": {
          "text": "Xp cost:10",
          "color": {
            "value": -16711936,
            "falpha": 0.0
          },
          "name": "Xp cost:10",
          "x": 264,
          "y": 16
        }
      },
      {
        "type": "label",
        "data": {
          "text": "Xp cost:25",
          "color": {
            "value": -16711936,
            "falpha": 0.0
          },
          "name": "Xp cost:25",
          "x": 57,
          "y": 56
        }
      },
      {
        "type": "label",
        "data": {
          "text": "Xp cost:25",
          "color": {
            "value": -16711936,
            "falpha": 0.0
          },
          "name": "Xp cost:25",
          "x": 199,
          "y": 54
        }
      },
      {
        "type": "button",
        "data": {
          "text": "Paladin's Lesser Aura",
          "width": 130,
          "height": 20,
          "name": "Paladin's Lesser Aura",
          "x": 292,
          "y": 69
        }
      },
      {
        "type": "button",
        "data": {
          "text": "Lesser Fluct Light Aura",
          "width": 140,
          "height": 20,
          "name": "Lesser Fluct Light Aura",
          "x": 150,
          "y": 69
        }
      },
      {
        "type": "button",
        "data": {
          "text": "Lesser Berserker Aura",
          "width": 130,
          "height": 20,
          "name": "Lesser Berserker Aura",
          "x": 18,
          "y": 69
        }
      },
      {
        "type": "label",
        "data": {
          "text": "Xp cost:25",
          "color": {
            "value": -16711936,
            "falpha": 0.0
          },
          "name": "Xp cost:25",
          "x": 336,
          "y": 54
        }
      },
      {
        "type": "button",
        "data": {
          "text": "Equip",
          "width": 50,
          "height": 20,
          "name": "Equip",
          "x": 51,
          "y": 91
        }
      },
      {
        "type": "button",
        "data": {
          "text": "Equip",
          "width": 50,
          "height": 20,
          "name": "Equip",
          "x": 190,
          "y": 91
        }
      },
      {
        "type": "button",
        "data": {
          "text": "Equip",
          "width": 50,
          "height": 20,
          "name": "Equip",
          "x": 339,
          "y": 91
        }
      },
      {
        "type": "label",
        "data": {
          "text": "You can only have one aura activated at a time",
          "color": {
            "value": -65536,
            "falpha": 0.0
          },
          "name": "You can only have one aura activated at a time",
          "x": 108,
          "y": 37
        }
      },
      {
        "type": "image",
        "data": {
          "image": "backk.png",
          "use1Xscale": true,
          "name": "backk.png",
          "x": -25,
          "y": -22
        }
      }
    ],
    "gridSettings": {
      "sx": 18,
      "sy": 18,
      "ox": 11,
      "oy": 15,
      "snapOnGrid": false
    }
  }
}