{
  "_fv": 24,
  "_type": "overlay",
  "definition": {
    "priority": "HIGHEST",
    "components": [
      {
        "type": "label",
        "data": {
          "text": "Auto Sprinting",
          "color": {
            "value": -1,
            "falpha": 0.0
          },
          "displayCondition": {
            "name": "AutoStrue"
          },
          "name": "Auto Sprinting",
          "x": 4,
          "y": 3
        }
      }
    ],
    "baseTexture": "",
    "overlayTarget": "Ingame",
    "gridSettings": {
      "sx": 18,
      "sy": 18,
      "ox": 11,
      "oy": 15,
      "snapOnGrid": false
    }
  }
}