{
  "_fv": 24,
  "_type": "biome",
  "definition": {
    "name": "Corruption",
    "groundBlock": {
      "value": "Blocks.GRASS"
    },
    "undergroundBlock": {
      "value": "Blocks.DIRT#0"
    },
    "airColor": {
      "value": -3381505,
      "falpha": 0.0
    },
    "grassColor": {
      "value": -10092442,
      "falpha": 0.0
    },
    "foliageColor": {
      "value": -10092442,
      "falpha": 0.0
    },
    "waterColor": {
      "value": -10092442,
      "falpha": 0.0
    },
    "waterFogColor": {
      "value": -26113,
      "falpha": 0.0
    },
    "ambientSound": {
      "value": "CUSTOM:music3"
    },
    "additionsSound": {
      "value": ""
    },
    "music": {
      "value": ""
    },
    "moodSound": {
      "value": ""
    },
    "moodSoundDelay": 6000,
    "spawnParticles": false,
    "particleToSpawn": {
      "value": "CUSTOM:Light"
    },
    "particlesProbability": 0.5,
    "biomeCategory": "PLAINS",
    "parent": {
      "value": "plains"
    },
    "rainingPossibility": 0.5,
    "temperature": 0.5,
    "baseHeight": 0.1,
    "heightVariation": 0.1,
    "biomeType": "ICY",
    "spawnBiome": true,
    "biomeWeight": 1024,
    "biomeDictionaryTypes": [],
    "grassPerChunk": 0,
    "seagrassPerChunk": 0,
    "flowersPerChunk": 0,
    "mushroomsPerChunk": 0,
    "bigMushroomsChunk": 0,
    "sandPatchesPerChunk": 0,
    "gravelPatchesPerChunk": 0,
    "reedsPerChunk": 0,
    "cactiPerChunk": 0,
    "treesPerChunk": 3,
    "vanillaTreeType": "Mega pine trees",
    "treeType": 1,
    "minHeight": 14,
    "maxWaterDepth": 0,
    "treeStem": {
      "value": "Blocks.AIR"
    },
    "treeBranch": {
      "value": "Blocks.AIR"
    },
    "treeVines": {
      "value": "Blocks.AIR"
    },
    "treeFruits": {
      "value": "Blocks.AIR"
    },
    "spawnStronghold": false,
    "spawnMineshaft": false,
    "spawnPillagerOutpost": false,
    "villageType": "none",
    "spawnWoodlandMansion": false,
    "spawnJungleTemple": false,
    "spawnDesertPyramid": false,
    "spawnIgloo": false,
    "spawnOceanMonument": false,
    "spawnShipwreck": false,
    "oceanRuinType": "NONE",
    "defaultFeatures": [
      "Caves",
      "Ores",
      "FrozenTopLayer"
    ],
    "spawnEntries": []
  }
}