{
  "_fv": 24,
  "_type": "tool",
  "definition": {
    "renderType": 0,
    "texture": "demon_sword",
    "customModelName": "Normal",
    "name": "Demon Sword",
    "specialInfo": [],
    "creativeTab": {
      "value": "COMBAT"
    },
    "toolType": "Sword",
    "harvestLevel": 5,
    "efficiency": 10.0,
    "attackSpeed": 1.0,
    "enchantability": 35,
    "damageVsEntity": 5.0,
    "usageCount": 902,
    "blocksAffected": [],
    "hasGlow": false,
    "repairItems": [
      {
        "value": "CUSTOM:Demon_WoodPlanks"
      }
    ],
    "immuneToFire": false,
    "stayInGridWhenCrafting": false,
    "damageOnCrafting": false
  }
}