{
  "_fv": 24,
  "_type": "biome",
  "definition": {
    "name": "Demonic",
    "groundBlock": {
      "value": "Blocks.GRASS"
    },
    "undergroundBlock": {
      "value": "Blocks.STONE#0"
    },
    "airColor": {
      "value": -13369345,
      "falpha": 0.0
    },
    "grassColor": {
      "value": -26368,
      "falpha": 0.0
    },
    "waterColor": {
      "value": -16750849,
      "falpha": 0.0
    },
    "waterFogColor": {
      "value": -65536,
      "falpha": 0.0
    },
    "ambientSound": {
      "value": "CUSTOM:music3"
    },
    "additionsSound": {
      "value": ""
    },
    "music": {
      "value": ""
    },
    "moodSound": {
      "value": ""
    },
    "moodSoundDelay": 6000,
    "spawnParticles": false,
    "particleToSpawn": {
      "value": "EXPLOSION_NORMAL"
    },
    "particlesProbability": 0.5,
    "biomeCategory": "NETHER",
    "parent": {
      "value": "nether"
    },
    "rainingPossibility": 0.5,
    "temperature": 0.5,
    "baseHeight": 0.1,
    "heightVariation": 1.0,
    "biomeType": "ICY",
    "spawnBiome": true,
    "biomeWeight": 1024,
    "biomeDictionaryTypes": [],
    "grassPerChunk": 4,
    "seagrassPerChunk": 0,
    "flowersPerChunk": 0,
    "mushroomsPerChunk": 0,
    "bigMushroomsChunk": 0,
    "sandPatchesPerChunk": 0,
    "gravelPatchesPerChunk": 0,
    "reedsPerChunk": 0,
    "cactiPerChunk": 0,
    "treesPerChunk": 1,
    "vanillaTreeType": "Default",
    "treeType": 1,
    "minHeight": 3,
    "maxWaterDepth": 0,
    "treeStem": {
      "value": "CUSTOM:Demon_WoodLog"
    },
    "treeBranch": {
      "value": "CUSTOM:Demon_WoodLeaves"
    },
    "treeVines": {
      "value": "Blocks.AIR"
    },
    "treeFruits": {
      "value": "CUSTOM:Demonleaffruit"
    },
    "spawnStronghold": false,
    "spawnMineshaft": true,
    "spawnPillagerOutpost": true,
    "villageType": "none",
    "spawnWoodlandMansion": false,
    "spawnJungleTemple": false,
    "spawnDesertPyramid": false,
    "spawnIgloo": false,
    "spawnOceanMonument": false,
    "spawnShipwreck": false,
    "oceanRuinType": "NONE",
    "defaultFeatures": [
      "Caves",
      "Ores",
      "FrozenTopLayer"
    ],
    "spawnEntries": [
      {
        "entity": {
          "value": "EntitySkeleton"
        },
        "minGroup": 1,
        "maxGroup": 2,
        "weight": 5,
        "spawnType": "monster"
      }
    ]
  }
}