{
  "_fv": 24,
  "_type": "food",
  "definition": {
    "renderType": 0,
    "texture": "demonfruit",
    "customModelName": "Normal",
    "name": "Demon Fruit",
    "rarity": "COMMON",
    "specialInfo": [
      "has magical properties"
    ],
    "creativeTab": {
      "value": "FOOD"
    },
    "stackSize": 64,
    "nutritionalValue": 8,
    "saturation": 0.3,
    "eatingSpeed": 32,
    "resultItem": {
      "value": ""
    },
    "forDogs": false,
    "isAlwaysEdible": true,
    "animation": "eat",
    "hasGlow": false,
    "onEaten": {
      "name": "DemonFruitFoodEaten"
    }
  }
}