{
  "_fv": 24,
  "_type": "biome",
  "definition": {
    "name": "Forest",
    "groundBlock": {
      "value": "Blocks.GRASS"
    },
    "undergroundBlock": {
      "value": "Blocks.DIRT#0"
    },
    "airColor": {
      "value": -16761784,
      "falpha": 0.0
    },
    "grassColor": {
      "value": -16760825,
      "falpha": 0.0
    },
    "foliageColor": {
      "value": -16762624,
      "falpha": 0.0
    },
    "waterColor": {
      "value": -16566686,
      "falpha": 0.0
    },
    "waterFogColor": {
      "value": -16754839,
      "falpha": 0.0
    },
    "ambientSound": {
      "value": "CUSTOM:music1.2"
    },
    "additionsSound": {
      "value": ""
    },
    "music": {
      "value": ""
    },
    "moodSound": {
      "value": ""
    },
    "moodSoundDelay": 6000,
    "spawnParticles": false,
    "particleToSpawn": {
      "value": "EXPLOSION_NORMAL"
    },
    "particlesProbability": 0.5,
    "biomeCategory": "PLAINS",
    "parent": {
      "value": "plains"
    },
    "rainingPossibility": 0.5,
    "temperature": 0.5,
    "baseHeight": 0.0,
    "heightVariation": 0.0,
    "biomeType": "WARM",
    "spawnBiome": true,
    "biomeWeight": 1024,
    "biomeDictionaryTypes": [
      "PLAINS"
    ],
    "grassPerChunk": 4,
    "seagrassPerChunk": 0,
    "flowersPerChunk": 5,
    "mushroomsPerChunk": 4,
    "bigMushroomsChunk": 0,
    "sandPatchesPerChunk": 5,
    "gravelPatchesPerChunk": 3,
    "reedsPerChunk": 0,
    "cactiPerChunk": 0,
    "treesPerChunk": 0,
    "vanillaTreeType": "Default",
    "treeType": 1,
    "minHeight": 8,
    "maxWaterDepth": 0,
    "treeStem": {
      "value": "Blocks.AIR"
    },
    "treeBranch": {
      "value": "Blocks.AIR"
    },
    "treeVines": {
      "value": ""
    },
    "treeFruits": {
      "value": ""
    },
    "spawnStronghold": false,
    "spawnMineshaft": false,
    "spawnPillagerOutpost": false,
    "villageType": "plains",
    "spawnWoodlandMansion": false,
    "spawnJungleTemple": false,
    "spawnDesertPyramid": false,
    "spawnIgloo": false,
    "spawnOceanMonument": false,
    "spawnShipwreck": false,
    "oceanRuinType": "NONE",
    "defaultFeatures": [
      "Caves",
      "Ores",
      "FrozenTopLayer",
      "MonsterRooms",
      "DeadBushes"
    ],
    "spawnEntries": [
      {
        "entity": {
          "value": "EntityMob"
        },
        "minGroup": 1,
        "maxGroup": 15,
        "weight": 10,
        "spawnType": "monster"
      },
      {
        "entity": {
          "value": "CUSTOM:EarthGolem"
        },
        "minGroup": 1,
        "maxGroup": 1,
        "weight": 1,
        "spawnType": "monster"
      }
    ]
  }
}