{
  "_fv": 24,
  "_type": "biome",
  "definition": {
    "name": "Glarwoom",
    "groundBlock": {
      "value": "Blocks.GRASS"
    },
    "undergroundBlock": {
      "value": "Blocks.STONE#0"
    },
    "airColor": {
      "value": -16777114,
      "falpha": 0.0
    },
    "grassColor": {
      "value": -16777063,
      "falpha": 0.0
    },
    "foliageColor": {
      "value": -13434778,
      "falpha": 0.0
    },
    "waterFogColor": {
      "value": -13434727,
      "falpha": 0.0
    },
    "ambientSound": {
      "value": "CUSTOM:threnody"
    },
    "additionsSound": {
      "value": ""
    },
    "music": {
      "value": ""
    },
    "moodSound": {
      "value": ""
    },
    "moodSoundDelay": 6000,
    "spawnParticles": false,
    "particleToSpawn": {
      "value": "CUSTOM:Light"
    },
    "particlesProbability": 0.5,
    "biomeCategory": "MUSHROOM",
    "parent": {
      "value": "No parent"
    },
    "rainingPossibility": 0.0,
    "temperature": 0.5,
    "baseHeight": 0.2,
    "heightVariation": 0.4,
    "biomeType": "COOL",
    "spawnBiome": true,
    "biomeWeight": 1024,
    "biomeDictionaryTypes": [],
    "grassPerChunk": 0,
    "seagrassPerChunk": 0,
    "flowersPerChunk": 0,
    "mushroomsPerChunk": 8,
    "bigMushroomsChunk": 2,
    "sandPatchesPerChunk": 0,
    "gravelPatchesPerChunk": 0,
    "reedsPerChunk": 0,
    "cactiPerChunk": 0,
    "treesPerChunk": 2,
    "vanillaTreeType": "Default",
    "treeType": 1,
    "minHeight": 7,
    "maxWaterDepth": 0,
    "treeStem": {
      "value": "CUSTOM:Blueglowshroom"
    },
    "treeBranch": {
      "value": "CUSTOM:Shroomleafblue"
    },
    "treeVines": {
      "value": "Blocks.AIR"
    },
    "treeFruits": {
      "value": "Blocks.AIR"
    },
    "spawnStronghold": false,
    "spawnMineshaft": false,
    "spawnPillagerOutpost": false,
    "villageType": "none",
    "spawnWoodlandMansion": false,
    "spawnJungleTemple": false,
    "spawnDesertPyramid": false,
    "spawnIgloo": false,
    "spawnOceanMonument": false,
    "spawnShipwreck": false,
    "oceanRuinType": "NONE",
    "defaultFeatures": [
      "Caves",
      "Ores"
    ],
    "spawnEntries": []
  }
}