{
  "_fv": 24,
  "_type": "food",
  "definition": {
    "renderType": 0,
    "texture": "blue_ice_fragment",
    "customModelName": "Normal",
    "name": "ManaLimitBreaker",
    "rarity": "COMMON",
    "specialInfo": [
      "Breaks your mana limit"
    ],
    "creativeTab": {
      "value": "FOOD"
    },
    "stackSize": 64,
    "nutritionalValue": 2,
    "saturation": 0.1,
    "eatingSpeed": 1,
    "resultItem": {
      "value": ""
    },
    "forDogs": false,
    "isAlwaysEdible": true,
    "animation": "eat",
    "hasGlow": false,
    "onEaten": {
      "name": "ManaregenchewFoodEaten"
    }
  }
}