{
  "_fv": 24,
  "_type": "gui",
  "definition": {
    "type": 0,
    "width": 176,
    "height": 166,
    "inventoryOffsetX": 0,
    "inventoryOffsetY": 0,
    "renderBgLayer": true,
    "doesPauseGame": false,
    "components": [
      {
        "type": "button",
        "data": {
          "text": "mana multiplier",
          "onClick": {
            "name": "Manamultiply"
          },
          "width": 100,
          "height": 20,
          "name": "mana multiplier",
          "x": 168,
          "y": 20
        }
      },
      {
        "type": "label",
        "data": {
          "text": "Xp cost:5",
          "color": {
            "value": -13369600,
            "falpha": 0.0
          },
          "name": "Xp cost:5",
          "x": 271,
          "y": 25
        }
      },
      {
        "type": "image",
        "data": {
          "image": "backk.png",
          "use1Xscale": true,
          "name": "backk.png",
          "x": -39,
          "y": -28
        }
      },
      {
        "type": "button",
        "data": {
          "text": "Fireball",
          "onClick": {
            "name": "Fireballtrue"
          },
          "width": 65,
          "height": 20,
          "name": "Fireball",
          "x": 51,
          "y": 98
        }
      },
      {
        "type": "label",
        "data": {
          "text": "Xp cost:6",
          "color": {
            "value": -16711936,
            "falpha": 0.0
          },
          "name": "Xp cost:6",
          "x": 119,
          "y": 104
        }
      },
      {
        "type": "button",
        "data": {
          "text": "equip",
          "onClick": {
            "name": "Equipped1"
          },
          "displayCondition": {
            "name": "Equip1"
          },
          "width": 50,
          "height": 20,
          "name": "equip",
          "x": 58,
          "y": 119
        }
      },
      {
        "type": "button",
        "data": {
          "text": "Waterball",
          "onClick": {
            "name": "Waterballtrue"
          },
          "width": 70,
          "height": 20,
          "name": "Waterball",
          "x": 185,
          "y": 99
        }
      },
      {
        "type": "label",
        "data": {
          "text": "Xp cost:6",
          "color": {
            "value": -16711936,
            "falpha": 0.0
          },
          "name": "Xp cost:6",
          "x": 259,
          "y": 104
        }
      },
      {
        "type": "button",
        "data": {
          "text": "equip",
          "onClick": {
            "name": "Equipped2"
          },
          "displayCondition": {
            "name": "Equipp2"
          },
          "width": 50,
          "height": 20,
          "name": "equip",
          "x": 194,
          "y": 120
        }
      },
      {
        "type": "button",
        "data": {
          "text": "Mudball",
          "onClick": {
            "name": "Mudballtrue"
          },
          "width": 60,
          "height": 20,
          "name": "Mudball",
          "x": 320,
          "y": 98
        }
      },
      {
        "type": "button",
        "data": {
          "text": "equip",
          "onClick": {
            "name": "Equipped3"
          },
          "displayCondition": {
            "name": "Equipp3"
          },
          "width": 50,
          "height": 20,
          "name": "equip",
          "x": 325,
          "y": 119
        }
      },
      {
        "type": "label",
        "data": {
          "text": "Xp cost:6",
          "color": {
            "value": -16711936,
            "falpha": 0.0
          },
          "name": "Xp cost:6",
          "x": 380,
          "y": 101
        }
      },
      {
        "type": "button",
        "data": {
          "text": "Magic Attack 1 Editor",
          "onClick": {
            "name": "Editor1"
          },
          "width": 130,
          "height": 20,
          "name": "Magic Attack 1 Editor",
          "x": 24,
          "y": 71
        }
      },
      {
        "type": "button",
        "data": {
          "text": "Magic Attack 2 Editor",
          "onClick": {
            "name": "Editor2"
          },
          "width": 130,
          "height": 20,
          "name": "Magic Attack 2 Editor",
          "x": 159,
          "y": 71
        }
      },
      {
        "type": "button",
        "data": {
          "text": "Magic Attack 3 Editor",
          "onClick": {
            "name": "Editor3"
          },
          "width": 130,
          "height": 20,
          "name": "Magic Attack 3 Editor",
          "x": 294,
          "y": 71
        }
      }
    ],
    "gridSettings": {
      "sx": 18,
      "sy": 18,
      "ox": 11,
      "oy": 15,
      "snapOnGrid": true
    }
  }
}