{
  "_fv": 24,
  "_type": "food",
  "definition": {
    "renderType": 1,
    "texture": "food",
    "customModelName": "potato:default",
    "name": "Potato Thicccc",
    "rarity": "COMMON",
    "specialInfo": [
      "thicc"
    ],
    "creativeTab": {
      "value": "FOOD"
    },
    "stackSize": 64,
    "nutritionalValue": 4,
    "saturation": 0.3,
    "eatingSpeed": 32,
    "resultItem": {
      "value": ""
    },
    "forDogs": false,
    "isAlwaysEdible": false,
    "animation": "eat",
    "hasGlow": false
  }
}