{
  "_fv": 24,
  "_type": "gui",
  "definition": {
    "type": 0,
    "width": 404,
    "height": 237,
    "inventoryOffsetX": 0,
    "inventoryOffsetY": 0,
    "renderBgLayer": true,
    "doesPauseGame": true,
    "components": [
      {
        "type": "image",
        "data": {
          "image": "mana.png",
          "use1Xscale": false,
          "name": "mana.png",
          "x": 321,
          "y": 26
        }
      },
      {
        "type": "button",
        "data": {
          "text": "strength",
          "onClick": {
            "name": "StrengthU1"
          },
          "width": 65,
          "height": 20,
          "name": "strength",
          "x": 78,
          "y": 27
        }
      },
      {
        "type": "button",
        "data": {
          "text": "Magic",
          "onClick": {
            "name": "Magic"
          },
          "width": 45,
          "height": 20,
          "name": "Magic",
          "x": 276,
          "y": 26
        }
      },
      {
        "type": "button",
        "data": {
          "text": "defense",
          "onClick": {
            "name": "Openarmorgui"
          },
          "width": 70,
          "height": 20,
          "name": "defense",
          "x": 75,
          "y": 179
        }
      },
      {
        "type": "button",
        "data": {
          "text": "weapon forge",
          "width": 75,
          "height": 20,
          "name": "weapon forge",
          "x": 275,
          "y": 179
        }
      },
      {
        "type": "image",
        "data": {
          "image": "strength.png",
          "use1Xscale": false,
          "name": "strength.png",
          "x": 150,
          "y": 26
        }
      },
      {
        "type": "image",
        "data": {
          "image": "book.png",
          "use1Xscale": true,
          "name": "book.png",
          "x": 150,
          "y": 179
        }
      },
      {
        "type": "image",
        "data": {
          "image": "creative.png",
          "use1Xscale": false,
          "name": "creative.png",
          "x": 357,
          "y": 179
        }
      },
      {
        "type": "label",
        "data": {
          "text": "",
          "color": {
            "value": -16777216,
            "falpha": 0.0
          },
          "name": "",
          "x": 23,
          "y": 46
        }
      },
      {
        "type": "label",
        "data": {
          "text": "Not Available Yet",
          "color": {
            "value": -65536,
            "falpha": 0.0
          },
          "name": "Not Available Yet",
          "x": 275,
          "y": 199
        }
      },
      {
        "type": "button",
        "data": {
          "text": "Aura",
          "width": 45,
          "height": 20,
          "name": "Aura",
          "x": 189,
          "y": 104
        }
      },
      {
        "type": "image",
        "data": {
          "image": "backk.png",
          "use1Xscale": true,
          "name": "backk.png",
          "x": -38,
          "y": -33
        }
      }
    ],
    "gridSettings": {
      "sx": 18,
      "sy": 18,
      "ox": 11,
      "oy": 15,
      "snapOnGrid": false
    }
  }
}