{
  "_fv": 24,
  "_type": "block",
  "definition": {
    "texture": "stick",
    "textureTop": "",
    "textureLeft": "",
    "textureFront": "",
    "textureRight": "",
    "textureBack": "",
    "renderType": 2,
    "customModelName": "stick:default",
    "rotationMode": 0,
    "emissiveRendering": false,
    "displayFluidOverlay": false,
    "itemTexture": "",
    "particleTexture": "",
    "tintType": "No tint",
    "isItemTinted": false,
    "hasTransparency": true,
    "connectedSides": true,
    "transparencyType": "SOLID",
    "disableOffset": true,
    "boundingBoxes": [
      {
        "mx": 0.0,
        "my": 0.0,
        "mz": 0.0,
        "Mx": 16.0,
        "My": 0.6,
        "Mz": 16.0,
        "subtract": false
      }
    ],
    "name": "Stickblock",
    "specialInfo": [],
    "hardness": 0.05,
    "resistance": 0.5,
    "hasGravity": false,
    "isWaterloggable": false,
    "creativeTab": {
      "value": "BUILDING_BLOCKS"
    },
    "destroyTool": "Not specified",
    "customDrop": {
      "value": "Items.STICK"
    },
    "dropAmount": 1,
    "useLootTableForDrops": false,
    "enchantPowerBonus": 0.0,
    "plantsGrowOn": false,
    "canRedstoneConnect": false,
    "lightOpacity": 0,
    "material": {
      "value": "WOOD"
    },
    "tickRate": 10,
    "tickRandomly": false,
    "isReplaceable": false,
    "canProvidePower": false,
    "colorOnMap": "DEFAULT",
    "creativePickItem": {
      "value": ""
    },
    "offsetType": "NONE",
    "aiPathNodeType": "DEFAULT",
    "flammability": 0,
    "fireSpreadSpeed": 0,
    "isLadder": false,
    "slipperiness": 0.6,
    "speedFactor": 1.0,
    "jumpFactor": 0.1,
    "reactionToPushing": "NORMAL",
    "isNotColidable": false,
    "isCustomSoundType": false,
    "soundOnStep": {
      "value": "WOOD"
    },
    "luminance": 0,
    "unbreakable": false,
    "breakHarvestLevel": 0,
    "spawnParticles": false,
    "particleToSpawn": {
      "value": "EXPLOSION_NORMAL"
    },
    "particleSpawningShape": "Spread",
    "particleSpawningRadious": 0.5,
    "particleAmount": 4,
    "hasInventory": false,
    "guiBoundTo": "<NONE>",
    "openGUIOnRightClick": false,
    "inventorySize": 9,
    "inventoryStackSize": 64,
    "inventoryDropWhenDestroyed": true,
    "inventoryComparatorPower": true,
    "inventoryOutSlotIDs": [],
    "inventoryInSlotIDs": [],
    "hasEnergyStorage": false,
    "energyInitial": 0,
    "energyCapacity": 400000,
    "energyMaxReceive": 200,
    "energyMaxExtract": 200,
    "isFluidTank": false,
    "fluidCapacity": 8000,
    "fluidRestrictions": [],
    "onRightClicked": {
      "name": "StickblockOnBlockRightClicked"
    },
    "spawnWorldTypes": [
      "Surface",
      "CUSTOM:Survivorlegacyworld"
    ],
    "restrictionBiomes": [],
    "blocksToReplace": [
      {
        "value": "Blocks.DEADBUSH"
      },
      {
        "value": "Blocks.YELLOW_FLOWER"
      },
      {
        "value": "Blocks.TALLGRASS#1"
      },
      {
        "value": "Blocks.TALLGRASS#2"
      }
    ],
    "frequencyPerChunks": 15,
    "frequencyOnChunk": 64,
    "minGenerateHeight": 1,
    "maxGenerateHeight": 212
  }
}