{
  "_fv": 24,
  "_type": "gui",
  "definition": {
    "type": 0,
    "width": 404,
    "height": 238,
    "inventoryOffsetX": 0,
    "inventoryOffsetY": 0,
    "renderBgLayer": true,
    "doesPauseGame": false,
    "components": [
      {
        "type": "button",
        "data": {
          "text": "strength multiplier",
          "onClick": {
            "name": "Strengthmultiplier"
          },
          "width": 120,
          "height": 20,
          "name": "strength multiplier",
          "x": 153,
          "y": 12
        }
      },
      {
        "type": "label",
        "data": {
          "text": "Xp cost:5",
          "color": {
            "value": -13369549,
            "falpha": 0.0
          },
          "name": "Xp cost:5",
          "x": 275,
          "y": 17
        }
      },
      {
        "type": "button",
        "data": {
          "text": "air slash",
          "onClick": {
            "name": "Slashatk"
          },
          "displayCondition": {
            "name": "If15"
          },
          "width": 70,
          "height": 20,
          "name": "air slash",
          "x": 43,
          "y": 67
        }
      },
      {
        "type": "button",
        "data": {
          "text": "dash attack",
          "onClick": {
            "name": "Dashatk"
          },
          "displayCondition": {
            "name": "If15"
          },
          "width": 80,
          "height": 20,
          "name": "dash attack",
          "x": 173,
          "y": 69
        }
      },
      {
        "type": "button",
        "data": {
          "text": "long swing",
          "onClick": {
            "name": "Longswing"
          },
          "displayCondition": {
            "name": "If15"
          },
          "width": 75,
          "height": 20,
          "name": "long swing",
          "x": 299,
          "y": 69
        }
      },
      {
        "type": "button",
        "data": {
          "text": "equip",
          "onClick": {
            "name": "Equip"
          },
          "width": 50,
          "height": 20,
          "name": "equip",
          "x": 56,
          "y": 91
        }
      },
      {
        "type": "button",
        "data": {
          "text": "equip",
          "onClick": {
            "name": "Equip2"
          },
          "width": 50,
          "height": 20,
          "name": "equip",
          "x": 189,
          "y": 91
        }
      },
      {
        "type": "button",
        "data": {
          "text": "equip",
          "onClick": {
            "name": "Equip3"
          },
          "width": 50,
          "height": 20,
          "name": "equip",
          "x": 314,
          "y": 91
        }
      },
      {
        "type": "image",
        "data": {
          "image": "nu.png",
          "use1Xscale": true,
          "name": "nu.png",
          "x": 60,
          "y": 70
        }
      },
      {
        "type": "image",
        "data": {
          "image": "nu.png",
          "use1Xscale": true,
          "name": "nu.png",
          "x": 183,
          "y": 71
        }
      },
      {
        "type": "image",
        "data": {
          "image": "nu.png",
          "use1Xscale": true,
          "name": "nu.png",
          "x": 306,
          "y": 70
        }
      },
      {
        "type": "label",
        "data": {
          "text": "Xp cost: 15",
          "color": {
            "value": -16711936,
            "falpha": 0.0
          },
          "name": "Xp cost: 15",
          "x": 55,
          "y": 53
        }
      },
      {
        "type": "label",
        "data": {
          "text": "Xp cost: 15",
          "color": {
            "value": -16711936,
            "falpha": 0.0
          },
          "name": "Xp cost: 15",
          "x": 186,
          "y": 54
        }
      },
      {
        "type": "label",
        "data": {
          "text": "Xp cost: 15",
          "color": {
            "value": -16711936,
            "falpha": 0.0
          },
          "name": "Xp cost: 15",
          "x": 310,
          "y": 54
        }
      },
      {
        "type": "label",
        "data": {
          "text": "C to use ability",
          "color": {
            "value": -65536,
            "falpha": 0.0
          },
          "name": "C to use ability",
          "x": 41,
          "y": 111
        }
      },
      {
        "type": "label",
        "data": {
          "text": "F to use ability",
          "color": {
            "value": -65536,
            "falpha": 0.0
          },
          "name": "F to use ability",
          "x": 176,
          "y": 111
        }
      },
      {
        "type": "label",
        "data": {
          "text": "V to use ability",
          "color": {
            "value": -65536,
            "falpha": 0.0
          },
          "name": "V to use ability",
          "x": 298,
          "y": 111
        }
      },
      {
        "type": "button",
        "data": {
          "text": "air slash",
          "displayCondition": {
            "name": "Ifslash"
          },
          "width": 70,
          "height": 20,
          "name": "air slash",
          "x": 44,
          "y": 67
        }
      },
      {
        "type": "button",
        "data": {
          "text": "dash attack",
          "displayCondition": {
            "name": "Ifdash"
          },
          "width": 80,
          "height": 20,
          "name": "dash attack",
          "x": 173,
          "y": 69
        }
      },
      {
        "type": "button",
        "data": {
          "text": "long swing",
          "displayCondition": {
            "name": "Iflonswing"
          },
          "width": 75,
          "height": 20,
          "name": "long swing",
          "x": 299,
          "y": 69
        }
      },
      {
        "type": "image",
        "data": {
          "image": "backk.png",
          "use1Xscale": true,
          "name": "backk.png",
          "x": -27,
          "y": -44
        }
      }
    ],
    "gridSettings": {
      "sx": 18,
      "sy": 18,
      "ox": 11,
      "oy": 15,
      "snapOnGrid": false
    }
  }
}