{
  "_fv": 18,
  "_type": "gun",
  "definition": {
    "renderType": 0,
    "texture": "plant_fiber",
    "customModelName": "Normal",
    "name": "Xplode",
    "specialInfo": [],
    "creativeTab": {
      "value": "COMBAT"
    },
    "stackSize": 1,
    "ammoItem": {
      "value": ""
    },
    "shootConstantly": false,
    "usageCount": 100,
    "actionSound": {
      "value": ""
    },
    "hasGlow": false,
    "animation": "bow",
    "enableMeleeDamage": false,
    "damageVsEntity": 0.0,
    "bulletPower": 1.0,
    "bulletDamage": 5.0,
    "bulletKnockback": 5,
    "bulletParticles": false,
    "bulletIgnitesFire": false,
    "bulletItemTexture": {
      "value": "Blocks.AIR"
    },
    "bulletModel": "Default",
    "customBulletModelTexture": "",
    "onBulletHitsBlock": {
      "name": "XplodeBulletHitsBlock"
    },
    "onBulletHitsPlayer": {
      "name": "XplodeBulletHitsBlock"
    },
    "onBulletHitsEntity": {
      "name": "XplodeBulletHitsBlock"
    },
    "onBulletFlyingTick": {
      "name": "DashpearlWhileBulletFlyingTick"
    }
  }
}